Team;Score;;Overs;RPO;Inns;Result;Opposition;Ground;Date;
Australia;214;;20;10.7;1;won;v New Zealand;Auckland;17-Feb-05;
New Zealand;170;;20;8.5;2;lost;v Australia;Auckland;17-Feb-05;
England;179;;20;8.95;1;won;v Australia;Southampton;13-Jun-05;
Australia;209;;20;10.45;1;won;v South Africa;Brisbane;09-Jan-06;
West Indies;126;;20;6.3;1;tied;v New Zealand;Auckland;16-Feb-06;
New Zealand;126;;20;6.3;2;tied;v West Indies;Auckland;16-Feb-06;
South Africa;201;;20;10.05;1;won;v Australia;Johannesburg;24-Feb-06;
Australia;199;;20;9.95;2;lost;v South Africa;Johannesburg;24-Feb-06;
Sri Lanka;163;;20;8.15;1;won;v England;Southampton;15-Jun-06;
England;161;;20;8.05;2;lost;v Sri Lanka;Southampton;15-Jun-06;
England;144;;20;7.2;1;lost;v Pakistan;Bristol;28-Aug-06;
Zimbabwe;123;;20;6.15;2;lost;v Bangladesh;Khulna;28-Nov-06;
South Africa;126;;20;6.3;1;lost;v India;Johannesburg;01-Dec-06;
New Zealand;162;;20;8.1;1;lost;v Sri Lanka;Wellington;22-Dec-06;
Australia;221;;20;11.05;1;won;v England;Sydney;09-Jan-07;
England;144;;20;7.2;2;lost;v Australia;Sydney;09-Jan-07;
Pakistan;129;;20;6.45;1;lost;v South Africa;Johannesburg;02-Feb-07;
West Indies;208;;20;10.4;1;won;v England;The Oval;28-Jun-07;
England;193;;20;9.65;2;lost;v West Indies;The Oval;28-Jun-07;
West Indies;169;;20;8.45;1;lost;v England;The Oval;29-Jun-07;
Kenya;138;;20;6.9;1;lost;v Bangladesh;Nairobi (Gym);01-Sep-07;
Pakistan;191;;20;9.55;1;won;v Bangladesh;Nairobi (Gym);02-Sep-07;
Bangladesh;161;;20;8.05;2;lost;v Pakistan;Nairobi (Gym);02-Sep-07;
West Indies;205;;20;10.25;1;lost;v South Africa;Johannesburg;11-Sep-07;
Pakistan;171;;20;8.55;1;won;v Scotland;Durban;12-Sep-07;
Australia;138;;20;6.9;1;lost;v Zimbabwe;Cape Town;12-Sep-07;
West Indies;164;;20;8.2;1;lost;v Bangladesh;Johannesburg;13-Sep-07;
England;188;;20;9.4;1;won;v Zimbabwe;Cape Town;13-Sep-07;
Zimbabwe;138;;20;6.9;2;lost;v England;Cape Town;13-Sep-07;
Sri Lanka;260;;20;13;1;won;v Kenya;Johannesburg;14-Sep-07;
England;135;;20;6.75;1;lost;v Australia;Cape Town;14-Sep-07;
India;141;;20;7.05;1;tied;v Pakistan;Durban;14-Sep-07;
Pakistan;141;;20;7.05;2;tied;v India;Durban;14-Sep-07;
New Zealand;164;;20;8.2;1;lost;v Sri Lanka;Johannesburg;15-Sep-07;
New Zealand;190;;20;9.5;1;won;v India;Johannesburg;16-Sep-07;
India;180;;20;9;2;lost;v New Zealand;Johannesburg;16-Sep-07;
Bangladesh;123;;20;6.15;1;lost;v Australia;Cape Town;16-Sep-07;
South Africa;154;;20;7.7;1;won;v England;Cape Town;16-Sep-07;
England;135;;20;6.75;2;lost;v South Africa;Cape Town;16-Sep-07;
Pakistan;189;;20;9.45;1;won;v Sri Lanka;Johannesburg;17-Sep-07;
Sri Lanka;156;;20;7.8;2;lost;v Pakistan;Johannesburg;17-Sep-07;
New Zealand;164;;20;8.2;1;won;v England;Durban;18-Sep-07;
England;159;;20;7.95;2;lost;v New Zealand;Durban;18-Sep-07;
Australia;164;;20;8.2;1;lost;v Pakistan;Johannesburg;18-Sep-07;
Sri Lanka;147;;20;7.35;1;won;v Bangladesh;Johannesburg;18-Sep-07;
New Zealand;153;;20;7.65;1;lost;v South Africa;Durban;19-Sep-07;
India;218;;20;10.9;1;won;v England;Durban;19-Sep-07;
England;200;;20;10;2;lost;v India;Durban;19-Sep-07;
India;153;;20;7.65;1;won;v South Africa;Durban;20-Sep-07;
South Africa;116;;20;;;;;;;
New Zealand;143;;20;7.15;1;lost;v Pakistan;Cape Town;22-Sep-07;
India;188;;20;9.4;1;won;v Australia;Durban;22-Sep-07;
Australia;173;;20;8.65;2;lost;v India;Durban;22-Sep-07;
India;157;;20;7.85;1;won;v Pakistan;Johannesburg;24-Sep-07;
Australia;166;;20;8.3;1;lost;v India;Mumbai (BS);20-Oct-07;
New Zealand;129;;20;6.45;1;lost;v South Africa;Johannesburg;23-Nov-07;
Australia;186;;20;9.3;1;won;v New Zealand;Perth;11-Dec-07;
West Indies;131;;20;6.55;1;lost;v South Africa;Johannesburg;18-Jan-08;
England;184;;20;9.2;1;won;v New Zealand;Auckland;05-Feb-08;
England;193;;20;9.65;1;won;v New Zealand;Christchurch;07-Feb-08;
New Zealand;143;;20;7.15;2;lost;v England;Christchurch;07-Feb-08;
Pakistan;203;;20;10.15;1;won;v Bangladesh;Karachi;20-Apr-08;
New Zealand;123;;20;6.15;1;lost;v England;Manchester;13-Jun-08;
Netherlands;153;;20;7.65;1;won;v Kenya;Belfast;02-Aug-08;
Kenya;134;;20;6.7;2;lost;v Netherlands;Belfast;02-Aug-08;
Scotland;117;;20;5.85;1;lost;v Ireland;Belfast;02-Aug-08;
Bermuda;;;20;4.95;1;lost;v Scotland;Belfast;03-Aug-08;
Scotland;107;;20;5.35;1;lost;v Netherlands;Belfast;04-Aug-08;
Kenya;106;;20;5.3;1;lost;v Scotland;Belfast;04-Aug-08;
Bermuda;70;;20;3.5;1;lost;v Canada;Belfast;05-Aug-08;
Pakistan;137;;20;6.85;1;won;v Canada;King City (NW);10-Oct-08;
Canada;102;;20;5.1;2;lost;v Pakistan;King City (NW);10-Oct-08;
Canada;135;;20;6.75;1;tied;v Zimbabwe;King City (NW);11-Oct-08;
Zimbabwe;135;;20;6.75;2;tied;v Canada;King City (NW);11-Oct-08;
Sri Lanka;137;;20;6.85;1;lost;v Pakistan;King City (NW);11-Oct-08;
Zimbabwe;107;;20;5.35;1;lost;v Pakistan;King City (NW);12-Oct-08;
Sri Lanka;153;;20;7.65;1;won;v Canada;King City (NW);12-Oct-08;
Canada;138;;20;6.9;2;lost;v Sri Lanka;King City (NW);12-Oct-08;
Zimbabwe;184;;20;9.2;1;won;v Canada;King City (NW);13-Oct-08;
Pakistan;132;;20;6.6;1;lost;v Sri Lanka;King City (NW);13-Oct-08;
New Zealand;155;;20;7.75;1;tied;v West Indies;Auckland;26-Dec-08;
West Indies;155;;20;7.75;2;tied;v New Zealand;Auckland;26-Dec-08;
New Zealand;191;;20;9.55;1;won;v West Indies;Hamilton;28-Dec-08;
West Indies;155;;20;7.75;2;lost;v New Zealand;Hamilton;28-Dec-08;
Australia;182;;20;9.1;1;won;v South Africa;Melbourne;11-Jan-09;
South Africa;157;;20;7.85;1;lost;v Australia;Brisbane;13-Jan-09;
Sri Lanka;171;;20;8.55;1;lost;v India;Colombo (RPS);10-Feb-09;
Australia;150;;20;7.5;1;won;v New Zealand;Sydney;15-Feb-09;
New Zealand;149;;20;7.45;2;lost;v Australia;Sydney;15-Feb-09;
India;162;;20;8.1;1;lost;v New Zealand;Christchurch;25-Feb-09;
India;149;;20;7.45;1;lost;v New Zealand;Wellington;27-Feb-09;
New Zealand;150;;20;7.5;2;won;v India;Wellington;27-Feb-09;
Australia;166;;20;8.3;1;lost;v South Africa;Johannesburg;27-Mar-09;
South Africa;156;;20;7.8;1;won;v Australia;Centurion;29-Mar-09;
Australia;139;;20;6.95;2;lost;v South Africa;Centurion;29-Mar-09;
England;162;;20;8.1;1;lost;v Netherlands;Lord's;05-Jun-09;
Netherlands;163;;20;8.15;2;won;v England;Lord's;05-Jun-09;
Australia;169;;20;8.45;1;lost;v West Indies;The Oval;06-Jun-09;
India;180;;20;9;1;won;v Bangladesh;Nottingham;06-Jun-09;
Bangladesh;155;;20;;;;;;;
South Africa;211;;20;10.55;1;won;v Scotland;The Oval;07-Jun-09;
England;185;;20;9.25;1;won;v Pakistan;The Oval;07-Jun-09;
Pakistan;137;;20;6.85;2;lost;v England;The Oval;07-Jun-09;
Bangladesh;137;;20;6.85;1;lost;v Ireland;Nottingham;08-Jun-09;
Australia;159;;20;7.95;1;lost;v Sri Lanka;Nottingham;08-Jun-09;
Pakistan;175;;20;8.75;1;won;v Netherlands;Lord's;09-Jun-09;
South Africa;128;;20;6.4;1;won;v New Zealand;Lord's;09-Jun-09;
New Zealand;127;;20;6.35;2;lost;v South Africa;Lord's;09-Jun-09;
Sri Lanka;192;;20;9.6;1;won;v West Indies;Nottingham;10-Jun-09;
West Indies;177;;20;8.85;2;lost;v Sri Lanka;Nottingham;10-Jun-09;
New Zealand;198;;20;9.9;1;won;v Ireland;Nottingham;11-Jun-09;
Sri Lanka;150;;20;7.5;1;won;v Pakistan;Lord's;12-Jun-09;
Pakistan;131;;20;6.55;2;lost;v Sri Lanka;Lord's;12-Jun-09;
India;153;;20;7.65;1;lost;v West Indies;Lord's;12-Jun-09;
South Africa;183;;20;9.15;1;won;v West Indies;The Oval;13-Jun-09;
West Indies;163;;20;8.15;2;lost;v South Africa;The Oval;13-Jun-09;
Sri Lanka;144;;20;7.2;1;won;v Ireland;Lord's;14-Jun-09;
Ireland;135;;20;6.75;2;lost;v Sri Lanka;Lord's;14-Jun-09;
England;153;;20;7.65;1;won;v India;Lord's;14-Jun-09;
India;150;;20;7.5;2;lost;v England;Lord's;14-Jun-09;
Pakistan;159;;20;7.95;1;won;v Ireland;The Oval;15-Jun-09;
Ireland;120;;20;6;2;lost;v Pakistan;The Oval;15-Jun-09;
England;161;;20;8.05;1;lost;v West Indies;The Oval;15-Jun-09;
Sri Lanka;158;;20;7.9;1;won;v New Zealand;Nottingham;16-Jun-09;
South Africa;130;;20;6.5;1;won;v India;Nottingham;16-Jun-09;
India;118;;20;5.9;2;lost;v South Africa;Nottingham;16-Jun-09;
Pakistan;149;;20;7.45;1;won;v South Africa;Nottingham;18-Jun-09;
South Africa;142;;20;7.1;2;lost;v Pakistan;Nottingham;18-Jun-09;
Sri Lanka;158;;20;7.9;1;won;v West Indies;The Oval;19-Jun-09;
Sri Lanka;138;;20;6.9;1;lost;v Pakistan;Lord's;21-Jun-09;
Bangladesh;118;;20;5.9;1;lost;v West Indies;Basseterre;02-Aug-09;
Pakistan;172;;20;8.6;1;won;v Sri Lanka;Colombo (RPS);12-Aug-09;
Australia;145;;20;7.25;1;n/r;v England;Manchester;30-Aug-09;
New Zealand;141;;20;7.05;1;won;v Sri Lanka;Colombo (RPS);02-Sep-09;
Sri Lanka;138;;20;6.9;2;lost;v New Zealand;Colombo (RPS);02-Sep-09;
New Zealand;170;;20;8.5;1;won;v Sri Lanka;Colombo (RPS);04-Sep-09;
Sri Lanka;148;;20;7.4;2;lost;v New Zealand;Colombo (RPS);04-Sep-09;
Pakistan;161;;20;8.05;1;won;v New Zealand;Dubai (DSC);12-Nov-09;
Pakistan;153;;20;7.65;1;won;v New Zealand;Dubai (DSC);13-Nov-09;
New Zealand;146;;20;7.3;2;lost;v Pakistan;Dubai (DSC);13-Nov-09;
England;202;;20;10.1;1;won;v South Africa;Johannesburg;13-Nov-09;
South Africa;241;;20;12.05;1;won;v England;Centurion;15-Nov-09;
England;157;;20;7.85;2;lost;v South Africa;Centurion;15-Nov-09;
Sri Lanka;215;;20;10.75;1;won;v India;Nagpur;09-Dec-09;
India;186;;20;9.3;2;lost;v Sri Lanka;Nagpur;09-Dec-09;
Sri Lanka;206;;20;10.3;1;lost;v India;Mohali;12-Dec-09;
Afghanistan;121;;20;6.05;1;lost;v Ireland;Colombo (PSS);01-Feb-10;
Scotland;109;;20;5.45;1;lost;v Kenya;Nairobi (Gym);01-Feb-10;
Canada;176;;20;8.8;1;won;v Ireland;Colombo (SSC);03-Feb-10;
Ireland;172;;20;;;;;;;
Canada;140;;20;7;1;lost;v Afghanistan;Colombo (SSC);04-Feb-10;
Pakistan;125;;20;6.25;2;lost;v Australia;Melbourne;05-Feb-10;
Afghanistan;139;;20;6.95;1;won;v Ireland;Dubai (DSC);09-Feb-10;
Canada;142;;20;7.1;1;lost;v Netherlands;Dubai (DSC);09-Feb-10;
Afghanistan;131;;20;6.55;1;won;v Scotland;Abu Dhabi;10-Feb-10;
Scotland;117;;20;5.85;2;lost;v Afghanistan;Abu Dhabi;10-Feb-10;
Canada;138;;20;6.9;1;lost;v Kenya;Dubai (DSC);10-Feb-10;
Ireland;136;;20;6.8;1;won;v Scotland;Dubai (DSC);11-Feb-10;
Afghanistan;128;;20;6.4;1;lost;v Netherlands;Dubai (DSC);12-Feb-10;
Ireland;151;;20;7.55;1;won;v Netherlands;Dubai (DSC);13-Feb-10;
Ireland;142;;20;7.1;1;lost;v Afghanistan;Dubai (DSC);13-Feb-10;
Pakistan;129;;20;6.45;1;lost;v England;Dubai (DSC);19-Feb-10;
England;148;;20;7.4;1;lost;v Pakistan;Dubai (DSC);20-Feb-10;
Australia;179;;20;8.95;1;won;v West Indies;Hobart;21-Feb-10;
West Indies;141;;20;7.05;2;lost;v Australia;Hobart;21-Feb-10;
West Indies;138;;20;6.9;1;lost;v Australia;Sydney;23-Feb-10;
New Zealand;118;;20;5.9;1;lost;v Australia;Wellington;26-Feb-10;
New Zealand;214;;20;10.7;1;tied;v Australia;Christchurch;28-Feb-10;
Australia;214;;20;10.7;2;tied;v New Zealand;Christchurch;28-Feb-10;
West Indies;;;20;3.95;2;lost;v Zimbabwe;Port of Spain;28-Feb-10;
Sri Lanka;135;;20;6.75;1;lost;v New Zealand;Providence;30-Apr-10;
West Indies;138;;20;6.9;1;won;v Ireland;Providence;30-Apr-10;
Afghanistan;115;;20;5.75;1;lost;v India;Gros Islet;01-May-10;
Pakistan;172;;20;8.6;1;won;v Bangladesh;Gros Islet;01-May-10;
Bangladesh;151;;20;7.55;2;lost;v Pakistan;Gros Islet;01-May-10;
India;186;;20;9.3;1;won;v South Africa;Gros Islet;02-May-10;
South Africa;172;;20;8.6;2;lost;v India;Gros Islet;02-May-10;
Australia;191;;20;9.55;1;won;v Pakistan;Gros Islet;02-May-10;
Pakistan;157;;20;7.85;2;lost;v Australia;Gros Islet;02-May-10;
Sri Lanka;173;;20;8.65;1;won;v Zimbabwe;Providence;03-May-10;
England;191;;20;9.55;1;lost;v West Indies;Providence;03-May-10;
England;120;;20;6;1;n/r;v Ireland;Providence;04-May-10;
Australia;141;;20;7.05;1;won;v Bangladesh;Bridgetown;05-May-10;
South Africa;139;;20;6.95;1;won;v Afghanistan;Bridgetown;05-May-10;
Pakistan;147;;20;7.35;1;lost;v England;Bridgetown;06-May-10;
South Africa;170;;20;8.5;1;won;v New Zealand;Bridgetown;06-May-10;
New Zealand;157;;20;7.85;2;lost;v South Africa;Bridgetown;06-May-10;
Australia;184;;20;9.2;1;won;v India;Bridgetown;07-May-10;
Sri Lanka;195;;20;9.75;1;won;v West Indies;Bridgetown;07-May-10;
West Indies;138;;20;6.9;2;lost;v Sri Lanka;Bridgetown;07-May-10;
New Zealand;133;;20;6.65;1;won;v Pakistan;Bridgetown;08-May-10;
Pakistan;132;;20;6.6;2;lost;v New Zealand;Bridgetown;08-May-10;
England;168;;20;8.4;1;won;v South Africa;Bridgetown;08-May-10;
West Indies;169;;20;8.45;1;won;v India;Bridgetown;09-May-10;
India;155;;20;7.75;2;lost;v West Indies;Bridgetown;09-May-10;
Australia;168;;20;8.4;1;won;v Sri Lanka;Bridgetown;09-May-10;
Pakistan;148;;20;7.4;1;won;v South Africa;Gros Islet;10-May-10;
South Africa;137;;20;6.85;2;lost;v Pakistan;Gros Islet;10-May-10;
New Zealand;149;;20;7.45;1;lost;v England;Gros Islet;10-May-10;
India;163;;20;;;;;;;
Sri Lanka;167;;20;8.35;2;won;v India;Gros Islet;11-May-10;
Sri Lanka;128;;20;6.4;1;lost;v England;Gros Islet;13-May-10;
Pakistan;191;;20;9.55;1;lost;v Australia;Gros Islet;14-May-10;
Australia;147;;20;7.35;1;lost;v England;Bridgetown;16-May-10;
South Africa;136;;20;6.8;1;won;v West Indies;North Sound;19-May-10;
South Africa;120;;20;6;1;won;v West Indies;North Sound;20-May-10;
West Indies;119;;20;5.95;2;lost;v South Africa;North Sound;20-May-10;
New Zealand;120;;20;6;1;won;v Sri Lanka;Lauderhill;22-May-10;
Zimbabwe;111;;20;5.55;1;lost;v India;Harare;12-Jun-10;
Zimbabwe;140;;20;7;1;lost;v India;Harare;13-Jun-10;
Pakistan;167;;20;8.35;1;won;v Australia;Birmingham;05-Jul-10;
Pakistan;162;;20;8.1;1;won;v Australia;Birmingham;06-Jul-10;
Pakistan;126;;20;6.3;1;lost;v England;Cardiff;05-Sep-10;
Zimbabwe;168;;20;8.4;1;lost;v South Africa;Bloemfontein;08-Oct-10;
South Africa;194;;20;9.7;1;won;v Zimbabwe;Kimberley;10-Oct-10;
Zimbabwe;186;;20;9.3;2;lost;v South Africa;Kimberley;10-Oct-10;
Pakistan;120;;20;6;1;lost;v South Africa;Abu Dhabi;27-Oct-10;
Australia;133;;20;6.65;1;lost;v Sri Lanka;Perth;31-Oct-10;
Pakistan;143;;20;7.15;1;lost;v New Zealand;Auckland;26-Dec-10;
New Zealand;185;;20;9.25;1;won;v Pakistan;Hamilton;28-Dec-10;
Pakistan;146;;20;7.3;2;lost;v New Zealand;Hamilton;28-Dec-10;
Pakistan;183;;20;9.15;1;won;v New Zealand;Christchurch;30-Dec-10;
India;168;;20;8.4;1;won;v South Africa;Durban;09-Jan-11;
South Africa;147;;20;7.35;2;lost;v India;Durban;09-Jan-11;
Australia;157;;20;7.85;1;lost;v England;Adelaide;12-Jan-11;
England;158;;20;7.9;2;won;v Australia;Adelaide;12-Jan-11;
Australia;147;;20;7.35;1;won;v England;Melbourne;14-Jan-11;
England;143;;20;7.15;2;lost;v Australia;Melbourne;14-Jan-11;
West Indies;150;;20;7.5;1;won;v Pakistan;Gros Islet;21-Apr-11;
Pakistan;143;;20;7.15;2;lost;v West Indies;Gros Islet;21-Apr-11;
India;159;;20;7.95;1;won;v West Indies;Port of Spain;04-Jun-11;
West Indies;143;;20;7.15;2;lost;v India;Port of Spain;04-Jun-11;
England;136;;20;6.8;1;lost;v Sri Lanka;Bristol;25-Jun-11;
Sri Lanka;198;;20;9.9;1;won;v Australia;Pallekele;06-Aug-11;
Australia;163;;20;8.15;2;lost;v Sri Lanka;Pallekele;06-Aug-11;
Sri Lanka;157;;20;7.85;1;won;v Australia;Pallekele;08-Aug-11;
Australia;149;;20;7.45;2;lost;v Sri Lanka;Pallekele;08-Aug-11;
Pakistan;198;;20;9.9;1;won;v Zimbabwe;Harare;16-Sep-11;
Pakistan;141;;20;7.05;1;won;v Zimbabwe;Harare;18-Sep-11;
Zimbabwe;136;;20;6.8;2;lost;v Pakistan;Harare;18-Sep-11;
West Indies;113;;20;5.65;1;won;v England;The Oval;25-Sep-11;
West Indies;132;;20;6.6;1;lost;v Bangladesh;Dhaka;11-Oct-11;
South Africa;146;;20;7.3;1;lost;v Australia;Cape Town;13-Oct-11;
Zimbabwe;123;;20;6.15;1;lost;v New Zealand;Harare;15-Oct-11;
Australia;147;;20;7.35;1;lost;v South Africa;Johannesburg;16-Oct-11;
India;120;;20;6;1;lost;v England;Kolkata;29-Oct-11;
Pakistan;135;;20;6.75;1;won;v Bangladesh;Dhaka;29-Nov-11;
Bangladesh;;;20;4.25;2;lost;v Pakistan;Dhaka;29-Nov-11;
Australia;171;;20;8.55;1;won;v India;Sydney;01-Feb-12;
India;140;;20;;;;;;;
Zimbabwe;159;;20;7.95;1;lost;v New Zealand;Auckland;11-Feb-12;
Zimbabwe;200;;20;10;1;lost;v New Zealand;Hamilton;14-Feb-12;
South Africa;147;;20;7.35;1;lost;v New Zealand;Wellington;17-Feb-12;
New Zealand;173;;20;8.65;1;lost;v South Africa;Hamilton;19-Feb-12;
South Africa;165;;20;8.25;1;won;v New Zealand;Auckland;22-Feb-12;
New Zealand;162;;20;8.1;2;lost;v South Africa;Auckland;22-Feb-12;
Kenya;107;;20;5.35;1;lost;v Ireland;Mombasa;22-Feb-12;
Kenya;131;;20;6.55;1;lost;v Ireland;Mombasa;23-Feb-12;
Pakistan;144;;20;7.2;1;won;v England;Dubai (DSC);23-Feb-12;
England;136;;20;6.8;2;lost;v Pakistan;Dubai (DSC);23-Feb-12;
Ireland;107;;20;5.35;1;won;v Kenya;Mombasa;24-Feb-12;
Kenya;105;;20;5.25;2;lost;v Ireland;Mombasa;24-Feb-12;
England;150;;20;7.5;1;won;v Pakistan;Dubai (DSC);25-Feb-12;
England;129;;20;6.45;1;won;v Pakistan;Abu Dhabi;27-Feb-12;
Pakistan;124;;20;6.2;2;lost;v England;Abu Dhabi;27-Feb-12;
Netherlands;135;;20;6.75;1;won;v Canada;Dubai (DSC);13-Mar-12;
Scotland;178;;20;8.9;1;won;v Kenya;ICCA Dubai;13-Mar-12;
Kenya;164;;20;8.2;2;lost;v Scotland;ICCA Dubai;13-Mar-12;
Netherlands;149;;20;7.45;1;lost;v Afghanistan;Dubai (DSC);14-Mar-12;
Afghanistan;174;;20;8.7;1;won;v Canada;ICCA Dubai;18-Mar-12;
Canada;133;;20;6.65;2;lost;v Afghanistan;ICCA Dubai;18-Mar-12;
Ireland;159;;20;7.95;1;won;v Scotland;Dubai (DSC);18-Mar-12;
Scotland;142;;20;7.1;2;lost;v Ireland;Dubai (DSC);18-Mar-12;
Canada;106;;20;5.3;1;lost;v Ireland;Dubai (DSC);22-Mar-12;
Scotland;166;;20;8.3;1;lost;v Netherlands;ICCA Dubai;22-Mar-12;
Netherlands;114;;20;5.7;1;lost;v Ireland;Dubai (DSC);23-Mar-12;
Canada;135;;20;6.75;1;lost;v Scotland;Dubai (DSC);23-Mar-12;
Scotland;136;;20;6.8;2;won;v Canada;Dubai (DSC);23-Mar-12;
Afghanistan;152;;20;7.6;1;lost;v Ireland;Dubai (DSC);24-Mar-12;
West Indies;150;;20;7.5;1;lost;v Australia;Gros Islet;27-Mar-12;
South Africa;219;;20;10.95;1;won;v India;Johannesburg;30-Mar-12;
Australia;146;;20;7.3;2;lost;v West Indies;Bridgetown;30-Mar-12;
Sri Lanka;132;;20;6.6;1;won;v Pakistan;Hambantota;01-Jun-12;
Pakistan;122;;20;6.1;1;won;v Sri Lanka;Hambantota;03-Jun-12;
West Indies;172;;20;8.6;1;lost;v England;Nottingham;24-Jun-12;
West Indies;209;;20;10.45;1;won;v New Zealand;Lauderhill;30-Jun-12;
West Indies;177;;20;8.85;1;won;v New Zealand;Lauderhill;01-Jul-12;
Bangladesh;190;;20;9.5;1;won;v Ireland;Belfast;18-Jul-12;
Ireland;119;;20;5.95;2;lost;v Bangladesh;Belfast;18-Jul-12;
Bangladesh;146;;20;7.3;1;won;v Ireland;Belfast;20-Jul-12;
Ireland;145;;20;7.25;2;lost;v Bangladesh;Belfast;20-Jul-12;
Ireland;140;;20;7;1;lost;v Bangladesh;Belfast;21-Jul-12;
Bangladesh;141;;20;7.05;2;won;v Ireland;Belfast;21-Jul-12;
Scotland;162;;20;8.1;1;won;v Bangladesh;The Hague;24-Jul-12;
Netherlands;144;;20;7.2;1;lost;v Bangladesh;The Hague;25-Jul-12;
Bangladesh;128;;20;6.4;1;lost;v Netherlands;The Hague;26-Jul-12;
Netherlands;131;;20;6.55;2;won;v Bangladesh;The Hague;26-Jul-12;
India;155;;20;7.75;1;won;v Sri Lanka;Pallekele;07-Aug-12;
Pakistan;151;;20;7.55;1;tied;v Australia;Dubai (DSC);07-Sep-12;
Australia;151;;20;;;;;;;
England;118;;20;5.9;1;lost;v South Africa;Chester-le-Street;08-Sep-12;
Australia;168;;20;8.4;1;won;v Pakistan;Dubai (DSC);10-Sep-12;
New Zealand;167;;20;8.35;1;won;v India;Chennai;11-Sep-12;
India;166;;20;8.3;2;lost;v New Zealand;Chennai;11-Sep-12;
Sri Lanka;182;;20;9.1;1;won;v Zimbabwe;Hambantota;18-Sep-12;
Ireland;123;;20;6.15;1;lost;v Australia;Colombo (RPS);19-Sep-12;
India;159;;20;7.95;1;won;v Afghanistan;Colombo (RPS);19-Sep-12;
Zimbabwe;;;20;4.65;1;lost;v South Africa;Hambantota;20-Sep-12;
New Zealand;191;;20;9.55;1;won;v Bangladesh;Pallekele;21-Sep-12;
Bangladesh;132;;20;6.6;2;lost;v New Zealand;Pallekele;21-Sep-12;
England;196;;20;9.8;1;won;v Afghanistan;Colombo (RPS);21-Sep-12;
West Indies;191;;20;9.55;1;lost;v Australia;Colombo (RPS);22-Sep-12;
Pakistan;177;;20;8.85;1;won;v New Zealand;Pallekele;23-Sep-12;
New Zealand;164;;20;8.2;2;lost;v Pakistan;Pallekele;23-Sep-12;
India;170;;20;8.5;1;won;v England;Colombo (RPS);23-Sep-12;
Bangladesh;175;;20;8.75;1;lost;v Pakistan;Pallekele;25-Sep-12;
New Zealand;174;;20;8.7;1;tied;v Sri Lanka;Pallekele;27-Sep-12;
Sri Lanka;174;;20;8.7;2;tied;v New Zealand;Pallekele;27-Sep-12;
West Indies;179;;20;8.95;1;won;v England;Pallekele;27-Sep-12;
England;164;;20;8.2;2;lost;v West Indies;Pallekele;27-Sep-12;
South Africa;133;;20;6.65;1;lost;v Pakistan;Colombo (RPS);28-Sep-12;
India;140;;20;7;1;lost;v Australia;Colombo (RPS);28-Sep-12;
New Zealand;148;;20;7.4;1;lost;v England;Pallekele;29-Sep-12;
West Indies;129;;20;6.45;1;lost;v Sri Lanka;Pallekele;29-Sep-12;
South Africa;146;;20;7.3;1;lost;v Australia;Colombo (RPS);30-Sep-12;
New Zealand;139;;20;6.95;2;tied;v West Indies;Pallekele;01-Oct-12;
Sri Lanka;169;;20;8.45;1;won;v England;Pallekele;01-Oct-12;
England;150;;20;7.5;2;lost;v Sri Lanka;Pallekele;01-Oct-12;
Pakistan;149;;20;7.45;1;won;v Australia;Colombo (RPS);02-Oct-12;
Australia;117;;20;5.85;2;lost;v Pakistan;Colombo (RPS);02-Oct-12;
India;152;;20;7.6;1;won;v South Africa;Colombo (RPS);02-Oct-12;
Sri Lanka;139;;20;6.95;1;won;v Pakistan;Colombo (RPS);04-Oct-12;
Pakistan;123;;20;6.15;2;lost;v Sri Lanka;Colombo (RPS);04-Oct-12;
West Indies;205;;20;10.25;1;won;v Australia;Colombo (RPS);05-Oct-12;
West Indies;137;;20;6.85;1;won;v Sri Lanka;Colombo (RPS);07-Oct-12;
West Indies;197;;20;9.85;1;won;v Bangladesh;Dhaka;10-Dec-12;
Bangladesh;179;;20;8.95;2;lost;v West Indies;Dhaka;10-Dec-12;
England;157;;20;7.85;1;lost;v India;Pune;20-Dec-12;
India;177;;20;8.85;1;lost;v England;Mumbai;22-Dec-12;
England;181;;20;9.05;2;won;v India;Mumbai;22-Dec-12;
India;133;;20;6.65;1;lost;v Pakistan;Bengaluru;25-Dec-12;
South Africa;179;;20;8.95;1;won;v New Zealand;Port Elizabeth;26-Dec-12;
New Zealand;146;;20;7.3;2;lost;v South Africa;Port Elizabeth;26-Dec-12;
India;192;;20;9.6;1;won;v Pakistan;Ahmedabad;28-Dec-12;
Pakistan;181;;20;9.05;2;lost;v India;Ahmedabad;28-Dec-12;
Australia;137;;20;6.85;1;lost;v Sri Lanka;Sydney;26-Jan-13;
Sri Lanka;161;;20;8.05;1;won;v Australia;Melbourne;28-Jan-13;
England;214;;20;10.7;1;won;v New Zealand;Auckland;09-Feb-13;
New Zealand;174;;20;8.7;2;lost;v England;Auckland;09-Feb-13;
New Zealand;192;;20;;;;;;;
West Indies;191;;20;9.55;1;won;v Australia;Brisbane;13-Feb-13;
Australia;164;;20;8.2;2;lost;v West Indies;Brisbane;13-Feb-13;
New Zealand;139;;20;6.95;1;lost;v England;Wellington;15-Feb-13;
Zimbabwe;130;;20;6.5;1;lost;v West Indies;North Sound;02-Mar-13;
Pakistan;195;;20;9.75;1;won;v South Africa;Centurion;03-Mar-13;
Afghanistan;132;;20;6.6;1;won;v Scotland;Sharjah;03-Mar-13;
Scotland;105;;20;5.25;2;lost;v Afghanistan;Sharjah;03-Mar-13;
West Indies;158;;20;7.9;1;won;v Zimbabwe;North Sound;03-Mar-13;
Zimbabwe;117;;20;5.85;2;lost;v West Indies;North Sound;03-Mar-13;
Scotland;139;;20;6.95;1;lost;v Afghanistan;Sharjah;04-Mar-13;
Kenya;126;;20;6.3;1;lost;v Canada;ICCA Dubai;15-Mar-13;
Kenya;139;;20;6.95;1;won;v Canada;ICCA Dubai;16-Mar-13;
Sri Lanka;198;;20;9.9;1;won;v Bangladesh;Pallekele;31-Mar-13;
Bangladesh;181;;20;9.05;2;lost;v Sri Lanka;Pallekele;31-Mar-13;
Netherlands;172;;20;8.6;1;lost;v Kenya;Windhoek;19-Apr-13;
Zimbabwe;168;;20;8.4;1;won;v Bangladesh;Bulawayo;11-May-13;
Bangladesh;162;;20;8.1;2;lost;v Zimbabwe;Bulawayo;11-May-13;
Bangladesh;168;;20;8.4;1;won;v Zimbabwe;Bulawayo;12-May-13;
Zimbabwe;134;;20;6.7;2;lost;v Bangladesh;Bulawayo;12-May-13;
New Zealand;201;;20;10.05;1;won;v England;The Oval;25-Jun-13;
England;196;;20;9.8;2;lost;v New Zealand;The Oval;25-Jun-13;
Scotland;113;;20;5.65;1;won;v Kenya;Aberdeen;04-Jul-13;
Kenya;100;;20;5;1;lost;v Scotland;Aberdeen;05-Jul-13;
West Indies;152;;20;7.6;1;lost;v Pakistan;Kingstown;27-Jul-13;
Pakistan;158;;20;7.9;2;won;v West Indies;Kingstown;27-Jul-13;
Pakistan;135;;20;6.75;1;won;v West Indies;Kingstown;28-Jul-13;
West Indies;124;;20;6.2;2;lost;v Pakistan;Kingstown;28-Jul-13;
South Africa;115;;20;5.75;1;won;v Sri Lanka;Colombo (RPS);02-Aug-13;
Sri Lanka;103;;20;5.15;2;lost;v South Africa;Colombo (RPS);02-Aug-13;
South Africa;145;;20;7.25;1;won;v Sri Lanka;Hambantota;04-Aug-13;
Sri Lanka;123;;20;6.15;2;lost;v South Africa;Hambantota;04-Aug-13;
South Africa;163;;20;8.15;1;lost;v Sri Lanka;Hambantota;06-Aug-13;
Pakistan;161;;20;8.05;1;won;v Zimbabwe;Harare;23-Aug-13;
Zimbabwe;136;;20;6.8;2;lost;v Pakistan;Harare;23-Aug-13;
Pakistan;179;;20;8.95;1;won;v Zimbabwe;Harare;24-Aug-13;
Zimbabwe;160;;20;8;2;lost;v Pakistan;Harare;24-Aug-13;
Australia;248;;20;12.4;1;won;v England;Southampton;29-Aug-13;
England;209;;20;10.45;2;lost;v Australia;Southampton;29-Aug-13;
England;195;;20;9.75;1;won;v Australia;Chester-le-Street;31-Aug-13;
Australia;168;;20;8.4;2;lost;v England;Chester-le-Street;31-Aug-13;
Afghanistan;162;;20;8.1;1;won;v Kenya;Sharjah;30-Sep-13;
Australia;201;;20;10.05;1;lost;v India;Rajkot;10-Oct-13;
Kenya;149;;20;7.45;1;won;v Afghanistan;Sharjah;11-Oct-13;
Afghanistan;115;;20;5.75;2;lost;v Kenya;Sharjah;11-Oct-13;
New Zealand;204;;20;10.2;1;won;v Bangladesh;Dhaka;06-Nov-13;
Bangladesh;189;;20;9.45;2;lost;v New Zealand;Dhaka;06-Nov-13;
Pakistan;;;20;4.9;1;lost;v South Africa;Dubai (DSC);13-Nov-13;
South Africa;150;;20;7.5;1;won;v Pakistan;Dubai (DSC);15-Nov-13;
Pakistan;144;;20;7.2;2;lost;v South Africa;Dubai (DSC);15-Nov-13;
Afghanistan;171;;20;;;;;;;
Scotland;154;;20;7.7;2;lost;v Afghanistan;Sharjah;16-Nov-13;
Ireland;168;;20;8.4;1;won;v Canada;Abu Dhabi;16-Nov-13;
Canada;166;;20;8.3;2;lost;v Ireland;Abu Dhabi;16-Nov-13;
Kenya;183;;20;9.15;1;won;v Scotland;ICCA Dubai;19-Nov-13;
South Africa;153;;20;7.65;1;won;v Pakistan;Johannesburg;20-Nov-13;
New Zealand;142;;20;7.1;1;lost;v Sri Lanka;Pallekele;21-Nov-13;
Scotland;165;;20;8.25;1;won;v Netherlands;ICCA Dubai;22-Nov-13;
Netherlands;150;;20;7.5;2;lost;v Scotland;ICCA Dubai;22-Nov-13;
Pakistan;176;;20;8.8;1;won;v South Africa;Cape Town;22-Nov-13;
South Africa;170;;20;8.5;2;lost;v Pakistan;Cape Town;22-Nov-13;
Netherlands;130;;20;6.5;1;won;v Kenya;ICCA Dubai;23-Nov-13;
Kenya;101;;20;5.05;2;lost;v Netherlands;ICCA Dubai;23-Nov-13;
Afghanistan;148;;20;7.4;1;won;v Kenya;Sharjah;24-Nov-13;
Kenya;146;;20;7.3;1;won;v Canada;Sharjah;26-Nov-13;
Scotland;147;;20;7.35;1;lost;v Netherlands;Abu Dhabi;28-Nov-13;
Ireland;225;;20;11.25;1;won;v Afghanistan;Abu Dhabi;30-Nov-13;
Afghanistan;137;;20;6.85;1;lost;v Pakistan;Sharjah;08-Dec-13;
Sri Lanka;145;;20;7.25;1;lost;v Pakistan;Dubai (DSC);11-Dec-13;
Sri Lanka;211;;20;10.55;1;won;v Pakistan;Dubai (DSC);13-Dec-13;
New Zealand;189;;20;9.45;1;won;v West Indies;Auckland;11-Jan-14;
West Indies;108;;20;5.4;2;lost;v New Zealand;Auckland;11-Jan-14;
West Indies;159;;20;7.95;1;lost;v New Zealand;Wellington;15-Jan-14;
Australia;213;;20;10.65;1;won;v England;Hobart;29-Jan-14;
England;200;;20;10;2;lost;v Australia;Hobart;29-Jan-14;
England;130;;20;6.5;1;lost;v Australia;Melbourne;31-Jan-14;
Australia;195;;20;9.75;1;won;v England;Sydney;02-Feb-14;
Sri Lanka;168;;20;8.4;1;won;v Bangladesh;Chittagong;12-Feb-14;
Bangladesh;166;;20;8.3;2;lost;v Sri Lanka;Chittagong;12-Feb-14;
Sri Lanka;123;;20;6.15;2;won;v Bangladesh;Chittagong;14-Feb-14;
West Indies;116;;20;5.8;1;lost;v Ireland;Kingston;19-Feb-14;
West Indies;;;20;4.8;1;won;v Ireland;Kingston;21-Feb-14;
Ireland;;;20;4.25;2;lost;v West Indies;Kingston;21-Feb-14;
West Indies;170;;20;8.5;1;won;v England;Bridgetown;09-Mar-14;
England;143;;20;7.15;2;lost;v West Indies;Bridgetown;09-Mar-14;
England;152;;20;7.6;1;lost;v West Indies;Bridgetown;11-Mar-14;
England;165;;20;8.25;1;won;v West Indies;Bridgetown;13-Mar-14;
West Indies;160;;20;8;2;lost;v England;Bridgetown;13-Mar-14;
South Africa;128;;20;6.4;1;lost;v Australia;Centurion;14-Mar-14;
Nepal;149;;20;7.45;1;won;v Hong Kong;Chittagong;16-Mar-14;
Zimbabwe;163;;20;8.15;1;lost;v Ireland;Sylhet;17-Mar-14;
Ireland;164;;20;8.2;2;won;v Zimbabwe;Sylhet;17-Mar-14;
Hong Kong;153;;20;7.65;1;lost;v Afghanistan;Chittagong;18-Mar-14;
Nepal;126;;20;6.3;1;lost;v Bangladesh;Chittagong;18-Mar-14;
Netherlands;140;;20;7;1;lost;v Zimbabwe;Sylhet;19-Mar-14;
Zimbabwe;146;;20;7.3;2;won;v Netherlands;Sylhet;19-Mar-14;
U.A.E.;123;;20;6.15;1;lost;v Ireland;Sylhet;19-Mar-14;
Nepal;141;;20;7.05;1;won;v Afghanistan;Chittagong;20-Mar-14;
Afghanistan;132;;20;6.6;2;lost;v Nepal;Chittagong;20-Mar-14;
U.A.E.;116;;20;5.8;1;lost;v Zimbabwe;Sylhet;21-Mar-14;
Ireland;189;;20;;;;;;;
Pakistan;130;;20;6.5;1;lost;v India;Dhaka;21-Mar-14;
Sri Lanka;165;;20;8.25;1;won;v South Africa;Chittagong;22-Mar-14;
South Africa;160;;20;8;2;lost;v Sri Lanka;Chittagong;22-Mar-14;
England;172;;20;8.6;1;lost;v New Zealand;Chittagong;22-Mar-14;
Pakistan;191;;20;9.55;1;won;v Australia;Dhaka;23-Mar-14;
Australia;175;;20;8.75;2;lost;v Pakistan;Dhaka;23-Mar-14;
West Indies;129;;20;6.45;1;lost;v India;Dhaka;23-Mar-14;
South Africa;170;;20;8.5;1;won;v New Zealand;Chittagong;24-Mar-14;
New Zealand;168;;20;8.4;2;lost;v South Africa;Chittagong;24-Mar-14;
West Indies;171;;20;8.55;1;won;v Bangladesh;Dhaka;25-Mar-14;
South Africa;145;;20;7.25;1;won;v Netherlands;Chittagong;27-Mar-14;
Sri Lanka;189;;20;9.45;1;lost;v England;Chittagong;27-Mar-14;
Australia;178;;20;8.9;1;lost;v West Indies;Dhaka;28-Mar-14;
Bangladesh;138;;20;6.9;1;lost;v India;Dhaka;28-Mar-14;
Netherlands;151;;20;7.55;1;lost;v New Zealand;Chittagong;29-Mar-14;
South Africa;196;;20;9.8;1;won;v England;Chittagong;29-Mar-14;
England;193;;20;9.65;2;lost;v South Africa;Chittagong;29-Mar-14;
Pakistan;190;;20;9.5;1;won;v Bangladesh;Dhaka;30-Mar-14;
Bangladesh;140;;20;7;2;lost;v Pakistan;Dhaka;30-Mar-14;
India;159;;20;7.95;1;won;v Australia;Dhaka;30-Mar-14;
Netherlands;133;;20;6.65;1;won;v England;Chittagong;31-Mar-14;
Bangladesh;153;;20;7.65;1;lost;v Australia;Dhaka;01-Apr-14;
West Indies;166;;20;8.3;1;won;v Pakistan;Dhaka;01-Apr-14;
Sri Lanka;160;;20;8;1;won;v West Indies;Dhaka;03-Apr-14;
South Africa;172;;20;8.6;1;lost;v India;Dhaka;04-Apr-14;
India;130;;20;6.5;1;lost;v Sri Lanka;Dhaka;06-Apr-14;
Sri Lanka;183;;20;9.15;1;won;v England;The Oval;20-May-14;
England;174;;20;8.7;2;lost;v Sri Lanka;The Oval;20-May-14;
West Indies;165;;20;8.25;1;won;v New Zealand;Roseau;06-Jul-14;
England;180;;20;9;1;won;v India;Birmingham;07-Sep-14;
India;177;;20;8.85;2;lost;v England;Birmingham;07-Sep-14;
Pakistan;;;20;4.8;1;lost;v Australia;Dubai (DSC);05-Oct-14;
Australia;144;;20;7.2;1;lost;v South Africa;Adelaide;05-Nov-14;
South Africa;101;;20;5.05;1;lost;v Australia;Melbourne;07-Nov-14;
South Africa;145;;20;7.25;1;lost;v Australia;Sydney;09-Nov-14;
New Zealand;135;;20;6.75;1;lost;v Pakistan;Dubai (DSC);04-Dec-14;
New Zealand;144;;20;7.2;1;won;v Pakistan;Dubai (DSC);05-Dec-14;
South Africa;165;;20;8.25;1;lost;v West Indies;Cape Town;09-Jan-15;
South Africa;231;;20;11.55;1;lost;v West Indies;Johannesburg;11-Jan-15;
South Africa;195;;20;9.75;1;won;v West Indies;Durban;14-Jan-15;
Pakistan;141;;20;7.05;1;lost;v Bangladesh;Dhaka;24-Apr-15;
Zimbabwe;172;;20;8.6;1;lost;v Pakistan;Lahore;22-May-15;
Zimbabwe;175;;20;8.75;1;lost;v Pakistan;Lahore;24-May-15;
Ireland;146;;20;7.3;1;lost;v Scotland;Bready;18-Jun-15;
Ireland;166;;20;8.3;1;lost;v Scotland;Bready;20-Jun-15;
England;191;;20;9.55;1;won;v New Zealand;Manchester;23-Jun-15;
Netherlands;134;;20;6.7;1;won;v Nepal;Amstelveen;30-Jun-15;
Nepal;116;;20;5.8;2;lost;v Netherlands;Amstelveen;30-Jun-15;
Netherlands;172;;20;;;;;;;
Netherlands;149;;20;7.45;1;won;v Nepal;Rotterdam;02-Jul-15;
Nepal;131;;20;6.55;2;lost;v Netherlands;Rotterdam;02-Jul-15;
Netherlands;139;;20;6.95;1;lost;v Nepal;Rotterdam;03-Jul-15;
South Africa;148;;20;7.4;1;won;v Bangladesh;Dhaka;05-Jul-15;
South Africa;169;;20;8.45;1;won;v Bangladesh;Dhaka;07-Jul-15;
Afghanistan;162;;20;8.1;1;won;v Netherlands;Edinburgh;09-Jul-15;
U.A.E.;164;;20;8.2;1;lost;v Afghanistan;Edinburgh;10-Jul-15;
Netherlands;191;;20;9.55;1;won;v Scotland;Edinburgh;11-Jul-15;
U.A.E.;119;;20;5.95;1;lost;v Netherlands;Edinburgh;12-Jul-15;
Afghanistan;210;;20;10.5;1;won;v Scotland;Edinburgh;12-Jul-15;
Ireland;123;;20;6.15;1;lost;v P.N.G.;Belfast;15-Jul-15;
Nepal;109;;20;5.45;1;lost;v Hong Kong;Belfast;15-Jul-15;
India;178;;20;8.9;1;won;v Zimbabwe;Harare;17-Jul-15;
Zimbabwe;124;;20;6.2;2;lost;v India;Harare;17-Jul-15;
Hong Kong;129;;20;6.45;1;won;v Ireland;Dublin (Malahide);17-Jul-15;
Ireland;124;;20;6.2;2;lost;v Hong Kong;Dublin (Malahide);17-Jul-15;
Zimbabwe;145;;20;7.25;1;won;v India;Harare;19-Jul-15;
India;135;;20;6.75;2;lost;v Zimbabwe;Harare;19-Jul-15;
Afghanistan;161;;20;8.05;1;lost;v Hong Kong;Dublin (Malahide);21-Jul-15;
Hong Kong;162;;20;8.1;2;won;v Afghanistan;Dublin (Malahide);21-Jul-15;
P.N.G.;127;;20;6.35;1;lost;v Afghanistan;Dublin (Malahide);23-Jul-15;
Oman;127;;20;6.35;1;lost;v Afghanistan;Dublin;25-Jul-15;
Pakistan;175;;20;8.75;1;won;v Sri Lanka;Colombo (RPS);30-Jul-15;
Sri Lanka;146;;20;7.3;2;lost;v Pakistan;Colombo (RPS);30-Jul-15;
Sri Lanka;172;;20;8.6;1;lost;v Pakistan;Colombo (RPS);01-Aug-15;
New Zealand;198;;20;9.9;1;won;v Zimbabwe;Harare;09-Aug-15;
Zimbabwe;118;;20;5.9;2;lost;v New Zealand;Harare;09-Aug-15;
New Zealand;151;;20;7.55;1;lost;v South Africa;Durban;14-Aug-15;
New Zealand;177;;20;8.85;1;won;v South Africa;Centurion;16-Aug-15;
South Africa;145;;20;7.25;2;lost;v New Zealand;Centurion;16-Aug-15;
England;182;;20;9.1;1;won;v Australia;Cardiff;31-Aug-15;
Australia;177;;20;8.85;2;lost;v England;Cardiff;31-Aug-15;
Pakistan;136;;20;6.8;1;won;v Zimbabwe;Harare;27-Sep-15;
Zimbabwe;123;;20;6.15;2;lost;v Pakistan;Harare;27-Sep-15;
Pakistan;136;;20;6.8;1;won;v Zimbabwe;Harare;29-Sep-15;
Zimbabwe;121;;20;6.05;2;lost;v Pakistan;Harare;29-Sep-15;
India;199;;20;9.95;1;lost;v South Africa;Dharamsala;02-Oct-15;
Zimbabwe;153;;20;7.65;1;lost;v Afghanistan;Bulawayo;26-Oct-15;
Zimbabwe;190;;20;9.5;1;lost;v Afghanistan;Bulawayo;28-Oct-15;
Sri Lanka;215;;20;10.75;1;won;v West Indies;Pallekele;09-Nov-15;
West Indies;162;;20;8.1;1;won;v Sri Lanka;Colombo (RPS);11-Nov-15;
Sri Lanka;139;;20;6.95;2;lost;v West Indies;Colombo (RPS);11-Nov-15;
Bangladesh;135;;20;6.75;1;lost;v Zimbabwe;Dhaka;15-Nov-15;
Hong Kong;106;;20;5.3;1;lost;v Oman;Abu Dhabi;21-Nov-15;
Oman;133;;20;6.65;1;lost;v U.A.E.;Abu Dhabi;22-Nov-15;
Oman;131;;20;6.55;1;won;v Hong Kong;Abu Dhabi;25-Nov-15;
Oman;149;;20;7.45;1;lost;v Hong Kong;Abu Dhabi;26-Nov-15;
England;160;;20;8;1;won;v Pakistan;Dubai (DSC);26-Nov-15;
Pakistan;146;;20;7.3;2;lost;v England;Dubai (DSC);26-Nov-15;
England;172;;20;;;;;;;
Pakistan;169;;20;8.45;2;lost;v England;Dubai (DSC);27-Nov-15;
Afghanistan;162;;20;8.1;1;lost;v Hong Kong;Abu Dhabi;28-Nov-15;
Afghanistan;159;;20;7.95;1;won;v Oman;Abu Dhabi;29-Nov-15;
Afghanistan;160;;20;8;1;won;v Oman;Abu Dhabi;30-Nov-15;
Oman;148;;20;7.4;2;lost;v Afghanistan;Abu Dhabi;30-Nov-15;
England;154;;20;7.7;1;tied;v Pakistan;Sharjah;30-Nov-15;
Pakistan;154;;20;7.7;2;tied;v England;Sharjah;30-Nov-15;
New Zealand;182;;20;9.1;1;won;v Sri Lanka;Mount Maunganui;07-Jan-16;
Sri Lanka;179;;20;8.95;2;lost;v New Zealand;Mount Maunganui;07-Jan-16;
Afghanistan;187;;20;9.35;1;won;v Zimbabwe;Sharjah;08-Jan-16;
Zimbabwe;182;;20;9.1;2;lost;v Afghanistan;Sharjah;08-Jan-16;
Sri Lanka;142;;20;7.1;1;lost;v New Zealand;Auckland;10-Jan-16;
Afghanistan;215;;20;10.75;1;won;v Zimbabwe;Sharjah;10-Jan-16;
Pakistan;171;;20;8.55;1;won;v New Zealand;Auckland;15-Jan-16;
New Zealand;155;;20;7.75;2;lost;v Pakistan;Auckland;15-Jan-16;
Zimbabwe;163;;20;8.15;1;lost;v Bangladesh;Khulna;15-Jan-16;
Pakistan;168;;20;8.4;1;lost;v New Zealand;Hamilton;17-Jan-16;
Bangladesh;167;;20;8.35;1;won;v Zimbabwe;Khulna;17-Jan-16;
Zimbabwe;125;;20;6.25;2;lost;v Bangladesh;Khulna;17-Jan-16;
Zimbabwe;187;;20;9.35;1;won;v Bangladesh;Khulna;20-Jan-16;
Bangladesh;156;;20;7.8;2;lost;v Zimbabwe;Khulna;20-Jan-16;
New Zealand;196;;20;9.8;1;won;v Pakistan;Wellington;22-Jan-16;
Zimbabwe;180;;20;9;1;won;v Bangladesh;Khulna;22-Jan-16;
India;188;;20;9.4;1;won;v Australia;Adelaide;26-Jan-16;
India;184;;20;9.2;1;won;v Australia;Melbourne;29-Jan-16;
Australia;157;;20;7.85;2;lost;v India;Melbourne;29-Jan-16;
Scotland;161;;20;8.05;1;won;v Hong Kong;Mong Kok;31-Jan-16;
Australia;197;;20;9.85;1;lost;v India;Sydney;31-Jan-16;
India;200;;20;10;2;won;v Australia;Sydney;31-Jan-16;
Netherlands;157;;20;7.85;1;won;v U.A.E.;ICCA Dubai;03-Feb-16;
U.A.E.;148;;20;7.4;1;won;v Scotland;ICCA Dubai;04-Feb-16;
Scotland;139;;20;6.95;2;lost;v U.A.E.;ICCA Dubai;04-Feb-16;
Scotland;140;;20;7;1;won;v Netherlands;ICCA Dubai;05-Feb-16;
P.N.G.;;;20;4.6;1;lost;v Ireland;Townsville;06-Feb-16;
P.N.G.;116;;20;5.8;1;won;v Ireland;Townsville;09-Feb-16;
India;196;;20;9.8;1;won;v Sri Lanka;Ranchi;12-Feb-16;
Sri Lanka;127;;20;6.35;2;lost;v India;Ranchi;12-Feb-16;
Ireland;134;;20;6.7;1;won;v U.A.E.;Abu Dhabi;14-Feb-16;
U.A.E.;133;;20;6.65;1;won;v Ireland;Abu Dhabi;16-Feb-16;
Ireland;128;;20;6.4;2;lost;v U.A.E.;Abu Dhabi;16-Feb-16;
U.A.E.;176;;20;8.8;1;won;v Afghanistan;Fatullah;19-Feb-16;
Oman;180;;20;9;1;won;v Hong Kong;Fatullah;19-Feb-16;
Hong Kong;175;;20;8.75;2;lost;v Oman;Fatullah;19-Feb-16;
England;134;;20;6.7;1;lost;v South Africa;Cape Town;19-Feb-16;
South Africa;135;;20;6.75;2;won;v England;Cape Town;19-Feb-16;
Oman;165;;20;8.25;1;lost;v Afghanistan;Fatullah;20-Feb-16;
Hong Kong;146;;20;7.3;1;lost;v U.A.E.;Fatullah;21-Feb-16;
Afghanistan;178;;20;8.9;1;won;v Hong Kong;Dhaka;22-Feb-16;
U.A.E.;172;;20;8.6;1;won;v Oman;Dhaka;22-Feb-16;
Oman;101;;20;;;;;;;
India;166;;20;8.3;1;won;v Bangladesh;Dhaka;24-Feb-16;
Bangladesh;121;;20;6.05;2;lost;v India;Dhaka;24-Feb-16;
Sri Lanka;129;;20;6.45;1;won;v U.A.E.;Dhaka;25-Feb-16;
U.A.E.;115;;20;5.75;2;lost;v Sri Lanka;Dhaka;25-Feb-16;
Bangladesh;133;;20;6.65;1;won;v U.A.E.;Dhaka;26-Feb-16;
Bangladesh;147;;20;7.35;1;won;v Sri Lanka;Dhaka;28-Feb-16;
Sri Lanka;124;;20;6.2;2;lost;v Bangladesh;Dhaka;28-Feb-16;
U.A.E.;129;;20;6.45;1;lost;v Pakistan;Dhaka;29-Feb-16;
Sri Lanka;138;;20;6.9;1;lost;v India;Dhaka;01-Mar-16;
Pakistan;129;;20;6.45;1;lost;v Bangladesh;Dhaka;02-Mar-16;
U.A.E.;;;20;4.05;1;lost;v India;Dhaka;03-Mar-16;
Sri Lanka;150;;20;7.5;1;lost;v Pakistan;Dhaka;04-Mar-16;
Australia;157;;20;7.85;1;lost;v South Africa;Durban;04-Mar-16;
South Africa;204;;20;10.2;1;lost;v Australia;Johannesburg;06-Mar-16;
Australia;205;;20;10.25;2;won;v South Africa;Johannesburg;06-Mar-16;
Zimbabwe;158;;20;7.9;1;won;v Hong Kong;Nagpur;08-Mar-16;
Hong Kong;144;;20;7.2;2;lost;v Zimbabwe;Nagpur;08-Mar-16;
Afghanistan;170;;20;8.5;1;won;v Scotland;Nagpur;08-Mar-16;
Scotland;156;;20;7.8;2;lost;v Afghanistan;Nagpur;08-Mar-16;
Bangladesh;153;;20;7.65;1;won;v Netherlands;Dharamsala;09-Mar-16;
Netherlands;145;;20;7.25;2;lost;v Bangladesh;Dharamsala;09-Mar-16;
Ireland;154;;20;7.7;1;lost;v Oman;Dharamsala;09-Mar-16;
South Africa;178;;20;8.9;1;lost;v Australia;Cape Town;09-Mar-16;
Zimbabwe;147;;20;7.35;1;won;v Scotland;Nagpur;10-Mar-16;
Hong Kong;116;;20;5.8;1;lost;v Afghanistan;Nagpur;10-Mar-16;
Afghanistan;186;;20;9.3;1;won;v Zimbabwe;Nagpur;12-Mar-16;
Hong Kong;127;;20;6.35;1;lost;v Scotland;Nagpur;12-Mar-16;
Bangladesh;180;;20;9;1;won;v Oman;Dharamsala;13-Mar-16;
New Zealand;126;;20;6.3;1;won;v India;Nagpur;15-Mar-16;
Pakistan;201;;20;10.05;1;won;v Bangladesh;Kolkata;16-Mar-16;
Bangladesh;146;;20;7.3;2;lost;v Pakistan;Kolkata;16-Mar-16;
England;182;;20;9.1;1;lost;v West Indies;Mumbai;16-Mar-16;
Afghanistan;153;;20;7.65;1;lost;v Sri Lanka;Kolkata;17-Mar-16;
New Zealand;142;;20;7.1;1;won;v Australia;Dharamsala;18-Mar-16;
Australia;134;;20;6.7;2;lost;v New Zealand;Dharamsala;18-Mar-16;
South Africa;229;;20;11.45;1;lost;v England;Mumbai;18-Mar-16;
South Africa;209;;20;10.45;1;won;v Afghanistan;Mumbai;20-Mar-16;
Afghanistan;172;;20;8.6;2;lost;v South Africa;Mumbai;20-Mar-16;
Sri Lanka;122;;20;6.1;1;lost;v West Indies;Bengaluru;20-Mar-16;
Bangladesh;156;;20;7.8;1;lost;v Australia;Bengaluru;21-Mar-16;
New Zealand;180;;20;9;1;won;v Pakistan;Mohali;22-Mar-16;
Pakistan;158;;20;7.9;2;lost;v New Zealand;Mohali;22-Mar-16;
England;142;;20;7.1;1;won;v Afghanistan;Delhi;23-Mar-16;
Afghanistan;127;;20;6.35;2;lost;v England;Delhi;23-Mar-16;
India;146;;20;7.3;1;won;v Bangladesh;Bengaluru;23-Mar-16;
Bangladesh;145;;20;7.25;2;lost;v India;Bengaluru;23-Mar-16;
Australia;193;;20;9.65;1;won;v Pakistan;Mohali;25-Mar-16;
Pakistan;172;;20;8.6;2;lost;v Australia;Mohali;25-Mar-16;
South Africa;122;;20;6.1;1;lost;v West Indies;Nagpur;25-Mar-16;
New Zealand;145;;20;;;;;;;
England;171;;20;8.55;1;won;v Sri Lanka;Delhi;26-Mar-16;
Sri Lanka;161;;20;8.05;2;lost;v England;Delhi;26-Mar-16;
Afghanistan;123;;20;6.15;1;won;v West Indies;Nagpur;27-Mar-16;
West Indies;117;;20;5.85;2;lost;v Afghanistan;Nagpur;27-Mar-16;
Australia;160;;20;8;1;lost;v India;Mohali;27-Mar-16;
New Zealand;153;;20;7.65;1;lost;v England;Delhi;30-Mar-16;
India;192;;20;9.6;1;lost;v West Indies;Mumbai;31-Mar-16;
England;155;;20;7.75;1;lost;v West Indies;Kolkata;03-Apr-16;
Zimbabwe;170;;20;8.5;1;won;v India;Harare;18-Jun-16;
India;168;;20;8.4;2;lost;v Zimbabwe;Harare;18-Jun-16;
Zimbabwe;;;20;4.95;1;lost;v India;Harare;20-Jun-16;
India;138;;20;6.9;1;won;v Zimbabwe;Harare;22-Jun-16;
Zimbabwe;135;;20;6.75;2;lost;v India;Harare;22-Jun-16;
Sri Lanka;140;;20;7;1;lost;v England;Southampton;05-Jul-16;
West Indies;245;;20;12.25;1;won;v India;Lauderhill;27-Aug-16;
India;244;;20;12.2;2;lost;v West Indies;Lauderhill;27-Aug-16;
Hong Kong;169;;20;8.45;1;won;v Ireland;Bready;05-Sep-16;
Australia;263;;20;13.15;1;won;v Sri Lanka;Pallekele;06-Sep-16;
Sri Lanka;178;;20;8.9;2;lost;v Australia;Pallekele;06-Sep-16;
England;135;;20;6.75;1;lost;v Pakistan;Manchester;07-Sep-16;
Sri Lanka;128;;20;6.4;1;lost;v Australia;Colombo (RPS);09-Sep-16;
Pakistan;160;;20;8;1;won;v West Indies;Dubai (DSC);24-Sep-16;
West Indies;144;;20;7.2;2;lost;v Pakistan;Dubai (DSC);24-Sep-16;
West Indies;103;;20;5.15;1;lost;v Pakistan;Abu Dhabi;27-Sep-16;
Afghanistan;161;;20;8.05;1;won;v U.A.E.;ICCA Dubai;14-Dec-16;
U.A.E.;150;;20;7.5;2;lost;v Afghanistan;ICCA Dubai;14-Dec-16;
U.A.E.;179;;20;8.95;1;lost;v Afghanistan;Dubai (DSC);16-Dec-16;
Afghanistan;189;;20;9.45;1;won;v U.A.E.;ICCA Dubai;18-Dec-16;
U.A.E.;145;;20;7.25;2;lost;v Afghanistan;ICCA Dubai;18-Dec-16;
Bangladesh;141;;20;7.05;1;lost;v New Zealand;Napier;03-Jan-17;
New Zealand;195;;20;9.75;1;won;v Bangladesh;Mount Maunganui;06-Jan-17;
New Zealand;194;;20;9.7;1;won;v Bangladesh;Mount Maunganui;08-Jan-17;
Bangladesh;167;;20;8.35;2;lost;v New Zealand;Mount Maunganui;08-Jan-17;
Scotland;189;;20;9.45;1;won;v Hong Kong;Abu Dhabi;14-Jan-17;
Hong Kong;165;;20;8.25;2;lost;v Scotland;Abu Dhabi;14-Jan-17;
Ireland;125;;20;6.25;1;lost;v Afghanistan;Abu Dhabi;14-Jan-17;
Oman;146;;20;7.3;1;lost;v Netherlands;Abu Dhabi;15-Jan-17;
U.A.E.;146;;20;7.3;1;lost;v Afghanistan;Abu Dhabi;16-Jan-17;
Scotland;148;;20;7.4;1;won;v Netherlands;Abu Dhabi;17-Jan-17;
Ireland;160;;20;8;1;won;v U.A.E.;Dubai (DSC);18-Jan-17;
U.A.E.;136;;20;6.8;2;lost;v Ireland;Dubai (DSC);18-Jan-17;
Hong Kong;183;;20;9.15;1;won;v Netherlands;Dubai (DSC);18-Jan-17;
Oman;133;;20;6.65;1;lost;v Scotland;Dubai (DSC);19-Jan-17;
Oman;149;;20;7.45;1;lost;v Afghanistan;Dubai (DSC);20-Jan-17;
Ireland;211;;20;10.55;1;won;v Scotland;Dubai (DSC);20-Jan-17;
South Africa;169;;20;8.45;1;lost;v Sri Lanka;Cape Town;25-Jan-17;
India;147;;20;7.35;1;lost;v England;Kanpur;26-Jan-17;
India;144;;20;7.2;1;won;v England;Nagpur;29-Jan-17;
England;139;;20;6.95;2;lost;v India;Nagpur;29-Jan-17;
India;202;;20;;;;;;;
South Africa;185;;20;9.25;1;won;v New Zealand;Auckland;17-Feb-17;
Australia;168;;20;8.4;1;lost;v Sri Lanka;Melbourne;17-Feb-17;
Sri Lanka;172;;20;8.6;2;won;v Australia;Melbourne;17-Feb-17;
Australia;173;;20;8.65;1;lost;v Sri Lanka;Geelong;19-Feb-17;
Sri Lanka;176;;20;8.8;2;won;v Australia;Geelong;19-Feb-17;
Australia;187;;20;9.35;1;won;v Sri Lanka;Adelaide;22-Feb-17;
Ireland;165;;20;8.25;1;lost;v Afghanistan;Greater Noida;08-Mar-17;
Afghanistan;184;;20;9.2;1;won;v Ireland;Greater Noida;10-Mar-17;
Afghanistan;233;;20;11.65;1;won;v Ireland;Greater Noida;12-Mar-17;
West Indies;111;;20;5.55;1;lost;v Pakistan;Bridgetown;26-Mar-17;
Pakistan;132;;20;6.6;1;won;v West Indies;Port of Spain;30-Mar-17;
West Indies;129;;20;6.45;2;lost;v Pakistan;Port of Spain;30-Mar-17;
Pakistan;137;;20;6.85;1;lost;v West Indies;Port of Spain;01-Apr-17;
West Indies;124;;20;6.2;1;lost;v Pakistan;Port of Spain;02-Apr-17;
Bangladesh;155;;20;7.75;1;lost;v Sri Lanka;Colombo (RPS);04-Apr-17;
Bangladesh;176;;20;8.8;1;won;v Sri Lanka;Colombo (RPS);06-Apr-17;
U.A.E.;180;;20;9;1;won;v P.N.G.;Abu Dhabi;14-Apr-17;
P.N.G.;150;;20;7.5;2;lost;v U.A.E.;Abu Dhabi;14-Apr-17;
P.N.G.;128;;20;6.4;1;lost;v U.A.E.;Abu Dhabi;14-Apr-17;
Afghanistan;110;;20;5.5;1;lost;v West Indies;Basseterre;02-Jun-17;
Afghanistan;146;;20;7.3;1;lost;v West Indies;Basseterre;05-Jun-17;
South Africa;142;;20;7.1;1;lost;v England;Southampton;21-Jun-17;
South Africa;174;;20;8.7;1;won;v England;Taunton;23-Jun-17;
England;171;;20;8.55;2;lost;v South Africa;Taunton;23-Jun-17;
England;181;;20;9.05;1;won;v South Africa;Cardiff;25-Jun-17;
South Africa;162;;20;8.1;2;lost;v England;Cardiff;25-Jun-17;
India;190;;20;9.5;1;lost;v West Indies;Kingston;09-Jul-17;
Sri Lanka;170;;20;8.5;1;lost;v India;Colombo (RPS);06-Sep-17;
Pakistan;197;;20;9.85;1;won;v World-XI;Lahore;12-Sep-17;
World-XI;177;;20;8.85;2;lost;v Pakistan;Lahore;12-Sep-17;
Pakistan;174;;20;8.7;1;lost;v World-XI;Lahore;13-Sep-17;
Pakistan;183;;20;9.15;1;won;v World-XI;Lahore;15-Sep-17;
World-XI;150;;20;7.5;2;lost;v Pakistan;Lahore;15-Sep-17;
West Indies;176;;20;8.8;1;won;v England;Chester-le-Street;16-Sep-17;
India;118;;20;5.9;1;lost;v Australia;Guwahati;10-Oct-17;
South Africa;195;;20;9.75;1;won;v Bangladesh;Bloemfontein;26-Oct-17;
Bangladesh;175;;20;8.75;2;lost;v South Africa;Bloemfontein;26-Oct-17;
Sri Lanka;124;;20;6.2;1;lost;v Pakistan;Abu Dhabi;27-Oct-17;
South Africa;224;;20;11.2;1;won;v Bangladesh;Potchefstroom;29-Oct-17;
Pakistan;180;;20;9;1;won;v Sri Lanka;Lahore;29-Oct-17;
Sri Lanka;144;;20;7.2;2;lost;v Pakistan;Lahore;29-Oct-17;
India;202;;20;10.1;1;won;v New Zealand;Delhi;01-Nov-17;
New Zealand;149;;20;7.45;2;lost;v India;Delhi;01-Nov-17;
New Zealand;196;;20;9.8;1;won;v India;Rajkot;04-Nov-17;
India;156;;20;7.8;2;lost;v New Zealand;Rajkot;04-Nov-17;
India;180;;20;9;1;won;v Sri Lanka;Cuttack;20-Dec-17;
India;260;;20;13;1;won;v Sri Lanka;Indore;22-Dec-17;
Sri Lanka;135;;20;6.75;1;lost;v India;Mumbai;24-Dec-17;
New Zealand;187;;20;9.35;1;won;v West Indies;Nelson;29-Dec-17;
New Zealand;243;;20;;;;;;;
Pakistan;201;;20;10.05;1;won;v New Zealand;Auckland;25-Jan-18;
Pakistan;181;;20;9.05;1;won;v New Zealand;Mount Maunganui;28-Jan-18;
New Zealand;163;;20;8.15;2;lost;v Pakistan;Mount Maunganui;28-Jan-18;
New Zealand;117;;20;5.85;1;lost;v Australia;Sydney;03-Feb-18;
Zimbabwe;120;;20;6;1;lost;v Afghanistan;Sharjah;05-Feb-18;
Afghanistan;158;;20;7.9;1;won;v Zimbabwe;Sharjah;06-Feb-18;
Zimbabwe;141;;20;7.05;2;lost;v Afghanistan;Sharjah;06-Feb-18;
England;155;;20;7.75;1;lost;v Australia;Hobart;07-Feb-18;
England;137;;20;6.85;1;lost;v Australia;Melbourne;10-Feb-18;
New Zealand;196;;20;9.8;1;won;v England;Wellington;13-Feb-18;
England;184;;20;9.2;2;lost;v New Zealand;Wellington;13-Feb-18;
Bangladesh;193;;20;9.65;1;lost;v Sri Lanka;Dhaka;15-Feb-18;
New Zealand;243;;20;12.15;1;lost;v Australia;Auckland;16-Feb-18;
England;194;;20;9.7;1;won;v New Zealand;Hamilton;18-Feb-18;
New Zealand;192;;20;9.6;2;lost;v England;Hamilton;18-Feb-18;
Sri Lanka;210;;20;10.5;1;won;v Bangladesh;Sylhet;18-Feb-18;
India;203;;20;10.15;1;won;v South Africa;Johannesburg;18-Feb-18;
South Africa;175;;20;8.75;2;lost;v India;Johannesburg;18-Feb-18;
New Zealand;150;;20;7.5;1;lost;v Australia;Auckland;21-Feb-18;
India;188;;20;9.4;1;lost;v South Africa;Centurion;21-Feb-18;
India;172;;20;8.6;1;won;v South Africa;Cape Town;24-Feb-18;
South Africa;165;;20;8.25;2;lost;v India;Cape Town;24-Feb-18;
India;174;;20;8.7;1;lost;v Sri Lanka;Colombo (RPS);06-Mar-18;
Bangladesh;139;;20;6.95;1;lost;v India;Colombo (RPS);08-Mar-18;
Sri Lanka;214;;20;10.7;1;lost;v Bangladesh;Colombo (RPS);10-Mar-18;
India;176;;20;8.8;1;won;v Bangladesh;Colombo (RPS);14-Mar-18;
Bangladesh;159;;20;7.95;2;lost;v India;Colombo (RPS);14-Mar-18;
Sri Lanka;159;;20;7.95;1;lost;v Bangladesh;Colombo (RPS);16-Mar-18;
Bangladesh;166;;20;8.3;1;lost;v India;Colombo (RPS);18-Mar-18;
India;168;;20;8.4;2;won;v Bangladesh;Colombo (RPS);18-Mar-18;
Pakistan;203;;20;10.15;1;won;v West Indies;Karachi;01-Apr-18;
Pakistan;205;;20;;;;;;;